sequence_id,label,flex_1,flex_2,flex_3,flex_4,flex_5,acc_x,acc_y,acc_z,gyro_x,gyro_y,gyro_z
1783688906,HALLO,0,31,0,100,0,3.677002,3.991699,0.945068,3.076336,0.687023,497.2977
1783688906,HALLO,0,31,0,100,0,3.686035,3.965576,0.93042,4.251908,500.1298,498.5191
1783688906,HALLO,0,31,0,100,0,3.702148,3.962402,0.942139,1.435115,498.1756,499.2748
1783688906,HALLO,0,32,0,100,0,3.710449,3.961426,0.967285,498.6183,495.9847,0.694656
1783688906,HALLO,0,32,0,100,0,3.713623,3.989258,0.977051,0.267176,496.5649,2.061069
1783688906,HALLO,0,32,0,100,0,3.723877,3.995605,0.969238,3.122137,497.7557,2.229008
1783688906,HALLO,0,32,0,100,0,3.733643,0.000732,0.977051,2.847328,498.6259,0.618321
1783688906,HALLO,0,32,0,100,0,3.732178,0.008789,0.981201,1.10687,498.458,498.6947
1783688906,HALLO,0,32,0,100,0,3.713623,0.017578,0.980469,2.030534,0.259542,498.0458
1783688906,HALLO,0,32,0,100,0,3.70752,0.024414,0.962158,2.89313,0.068702,496.8855
1783688906,HALLO,0,32,0,100,0,3.707031,3.998779,0.942627,3.59542,0.122137,496.2214
1783688906,HALLO,0,32,0,100,0,3.702148,3.97583,0.941895,2.778626,499.1603,496.6031
1783688906,HALLO,0,34,0,100,0,3.693604,3.956055,0.945557,1.396947,498.8779,497.0076
1783688906,HALLO,0,34,0,100,0,3.704834,3.964355,0.945313,1.366412,497.9008,499.5573
1783688906,HALLO,0,34,0,100,0,3.71582,3.96582,0.945557,1.473282,497.2061,2.137405
1783688906,HALLO,0,35,0,100,0,3.717773,3.982422,0.96167,1.541985,496.1298,4.557252
1783688906,HALLO,0,35,0,100,0,3.723389,0.006348,0.974365,2.061069,497.1145,4.740458
1783688906,HALLO,0,35,0,100,0,3.723877,0.025879,0.981445,2.465649,497.8931,3.068702
1783688906,HALLO,0,34,0,100,0,3.737061,0.023926,0.978271,2.030534,499.6412,499.5954
1783688906,HALLO,0,34,0,100,0,3.738037,0.013184,0.979492,0.938931,499.4199,497.0076
1783688906,HALLO,0,32,0,100,0,3.735107,3.996338,0.972656,0.122137,0.671756,495.7863
1783688906,HALLO,0,32,0,100,0,3.71582,3.985596,0.967285,1.259542,1.694656,496.3435
1783688906,HALLO,0,33,0,100,0,3.711426,3.979492,0.964844,0.977099,1.70229,497.5114
1783688906,HALLO,0,33,0,100,0,3.7146,3.9729,0.951172,0.854962,0.824427,499.1756
1783688906,HALLO,0,31,0,100,0,3.714844,3.978271,0.95874,0.458015,0.832061,0.694656
1783688906,HALLO,0,32,0,100,0,3.710205,3.986816,0.964111,1.358779,0.961832,2.099237
1783688906,HALLO,0,32,0,100,0,3.712891,0.001953,0.956055,1.687023,0.755725,1.725191
1783688906,HALLO,0,32,0,100,0,3.71875,0.000244,0.965332,1.312977,0.381679,0.641221
1783688906,HALLO,0,32,0,100,0,3.718262,3.992432,0.972656,0.038168,0.679389,499.5191
1783688906,HALLO,0,31,0,100,0,3.717285,3.990723,0.968018,0.145038,1.022901,498.8931
1783688906,HALLO,0,31,0,100,0,3.710693,3.988037,0.952393,1.641221,1.671756,499.5344
1783688906,HALLO,0,31,0,100,0,3.708008,3.988281,0.946045,2.351145,1.465649,499.771
1783688906,HALLO,0,32,0,100,0,3.707764,3.982666,0.950928,2.236641,0.183206,499.9695
1783688906,HALLO,0,32,0,100,0,3.700684,3.98877,0.951416,1.763359,500.1603,0.282443
1783688906,HALLO,0,32,0,100,0,3.70166,3.998535,0.957031,1.847328,499.1832,0.465649
1783688906,HALLO,0,32,0,100,0,3.699463,3.998535,0.946533,2.145038,499.5725,0.625954
1783688906,HALLO,0,32,0,100,0,3.70166,0.000732,0.951416,1.40458,498.4199,0.412214
1783688906,HALLO,0,32,0,100,0,3.711426,3.991211,0.952881,1.022901,498.4199,0.053435
1783688906,HALLO,0,33,0,100,0,3.718262,3.992188,0.964844,0.10687,497.6641,500.1145
1783688906,HALLO,0,33,0,100,0,3.716797,3.994141,0.969971,500.229,498.5573,0.076336
1783688906,HALLO,0,33,0,100,0,3.720215,3.992676,0.976074,0.641221,498.9389,0.389313
1783688906,HALLO,0,33,0,100,0,3.730469,3.993408,0.967773,0.832061,499.4199,500.1145
1783688906,HALLO,0,32,0,100,0,3.719238,3.999023,0.971191,1.412214,499.4809,499.9618
1783688906,HALLO,0,32,0,100,0,3.718506,3.992188,0.966553,1.381679,0.70229,498.4886
1783688906,HALLO,0,32,0,100,0,3.706543,3.990479,0.979004,2.221374,2.603053,498.5801
1783688906,HALLO,0,32,0,100,0,3.719727,3.99292,0.94751,0.89313,1.053435,497.8321
1783688906,HALLO,0,32,0,100,0,3.710693,3.982666,0.955322,1.236641,0.099237,499.4046
1783688906,HALLO,0,32,0,100,0,3.706299,3.993896,0.958984,1.251908,500.1603,500.0763
1783688906,HALLO,0,32,0,100,0,3.710449,3.987305,0.956543,2.351145,500.0611,0.946565
1783688906,HALLO,0,32,0,100,0,3.712402,3.991455,0.956299,1.824427,499.3435,0.526718
1783688906,HALLO,0,32,0,100,0,3.70874,3.988525,0.95752,1.076336,499.1908,0.053435
1783688906,HALLO,0,32,0,100,0,3.706543,3.992188,0.967773,1.717557,499.3588,0.152672
1783688906,HALLO,0,32,0,100,0,3.715088,3.990234,0.961914,1.564885,499.4733,500.1603
1783688906,HALLO,0,32,0,100,0,3.714844,3.984619,0.960449,1.870229,499.1527,0.122137
1783688906,HALLO,0,32,0,100,0,3.718262,3.988281,0.960205,1.503817,498.8931,0.083969
1783688906,HALLO,0,32,0,100,0,3.718506,3.991943,0.969971,1.229008,499.4122,500.229
1783688906,HALLO,0,32,0,100,0,3.718262,3.988525,0.966309,0.923664,500.0305,0.137405
1783688906,HALLO,0,33,0,100,0,3.719971,3.997803,0.959717,1.160305,0.244275,0.603053
1783688906,HALLO,0,32,0,100,0,3.718994,0.003906,0.954346,1.343511,0.473282,0.534351
1783688906,HALLO,0,32,0,100,0,3.719238,3.999023,0.966797,1.21374,500.2443,499.4809
1783688906,HALLO,0,32,0,100,0,3.715088,3.98877,0.966064,1.198473,500.2214,498.4809
1783688906,HALLO,0,32,0,100,0,3.712402,3.987061,0.973145,1.244275,0.305344,498.8092
1783688906,HALLO,0,32,0,100,0,3.709961,3.992676,0.958984,1.473282,0.954198,499.5038
1783688906,HALLO,0,31,0,100,0,3.707764,3.990234,0.950439,1.366412,0.458015,499.9084
1783688906,HALLO,0,31,0,100,0,3.705811,3.987549,0.952393,1.122137,500.0534,499.687
1783688906,HALLO,0,31,0,100,0,3.700684,3.988037,0.952393,1.061069,499.1374,499.2672
1783688906,HALLO,0,31,0,100,0,3.705322,3.984131,0.956787,1.320611,499.2672,499.3053
1783688906,HALLO,0,31,0,100,0,3.710449,3.975586,0.958252,1.145038,499,499.5801
1783688906,HALLO,0,31,0,100,0,3.708984,3.982422,0.96167,0.900763,498.6794,0.175573
1783688906,HALLO,0,32,0,100,0,3.713379,3.983887,0.965576,1.320611,498.8092,0.832061
1783688906,HALLO,0,32,0,100,0,3.717529,3.99585,0.971924,1.557252,499.1908,1.396947
1783688906,HALLO,0,32,0,100,0,3.715088,0.006592,0.974854,1.977099,500.1374,1.503817
1783688906,HALLO,0,32,0,100,0,3.723145,0.004395,0.961914,1.641221,499.3282,0.21374
1783688906,HALLO,0,32,0,100,0,3.720215,0.000732,0.962402,1.633588,499.6641,499.4122
1783688906,HALLO,0,33,0,100,0,3.711426,3.997559,0.967041,1.038168,0.328244,498.2977
1783688906,HALLO,0,32,0,100,0,3.714355,3.985596,0.961914,1.946565,0.091603,498.1145
1783688906,HALLO,0,32,0,100,0,3.704834,3.978271,0.957031,1.160305,0.48855,498.3817
1783688906,HALLO,0,31,0,100,0,3.70166,3.975098,0.957764,1.053435,500.1908,499.1679
1783688906,HALLO,0,31,0,100,0,3.704346,3.980957,0.961426,0.954198,499.8397,500.0763
1783688906,HALLO,0,31,0,100,0,3.709473,3.988037,0.961914,1.320611,499.6489,1.251908
1783688906,HALLO,0,31,0,100,0,3.713867,3.99707,0.959229,1.587786,499.1908,2.183206
1783688906,HALLO,0,31,0,100,0,3.719727,0.004639,0.966309,1.21374,499.0916,1.053435
1783688906,HALLO,0,31,0,100,0,3.718994,0,0.968506,1.122137,499.7557,500.1679
1783688906,HALLO,0,32,0,100,0,3.719727,3.997803,0.96167,0.969466,0.099237,498.8549
1783688906,HALLO,0,33,0,100,0,3.714844,3.990723,0.969238,1.419847,0.122137,498.3969
1783688906,HALLO,0,33,0,100,0,3.708008,3.991943,0.962891,1.732824,0.068702,498.4962
1783688906,HALLO,0,33,0,100,0,3.710205,3.987793,0.955811,2.244275,500.0153,498.9466
1783688906,HALLO,0,33,0,100,0,3.705566,3.982178,0.96167,1.656489,499.3969,499.5038
1783688906,HALLO,0,33,0,100,0,3.705811,3.983154,0.959229,1.274809,499.458,500.2137
1783688906,HALLO,0,33,0,100,0,3.706787,3.987793,0.953369,1.21374,499.7252,0.473282
1783688906,HALLO,0,33,0,100,0,3.710938,3.994141,0.956787,1.053435,500.0382,0.755725
1783688906,HALLO,0,32,0,100,0,3.716064,3.990723,0.963379,0.748092,499.1221,0.10687
1783688906,HALLO,0,33,0,100,0,3.718262,3.988037,0.969971,0.671756,498.8779,0.473282
1783688906,HALLO,0,32,0,100,0,3.716797,3.991943,0.978027,1.603053,499.0687,0.59542
1783688906,HALLO,0,32,0,100,0,3.715332,3.998291,0.970703,2.458015,500.0305,0.59542
1783688906,HALLO,0,32,0,100,0,3.716309,0.002441,0.960205,2.549618,0.129771,500.1221
1783688906,HALLO,0,32,0,100,0,3.715332,3.994141,0.960205,1.839695,500.1985,498.6947
1783688906,HALLO,0,32,0,100,0,3.708252,3.98584,0.95752,1.099237,0.167939,498
1783688906,HALLO,0,32,0,100,0,3.70166,3.984863,0.960449,1.381679,500.1145,498.542
1783688906,HALLO,0,32,0,100,0,3.709717,3.986572,0.952881,1.709924,499.8092,499.6947
